4000001,Kristina,Chung,55,Pilot
4000002,Paige,Chen,74,Teacher
4000003,Sherri,Melton,34,Firefighter
4000004,Gretchen,Hill,66,Computer hardware engineer
4000005,Karen,Puckett,74,Lawyer
4000006,Patrick,Song,42,Veterinarian
4000007,Elsie,Hamilton,43,Pilot
4000008,Hazel,Bender,63,Carpenter
4000009,Malcolm,Wagner,39,Artist
4000010,Dolores,McLaughlin,60,Writer
4000011,Francis,McNamara,47,Therapist
4000012,Sandy,Raynor,26,Writer
4000013,Marion,Moon,41,Carpenter
4000014,Beth,Woodard,65,
4000015,Julia,Desai,49,Musician
4000016,Jerome,Wallace,52,Pharmacist
4000017,Neal,Lawrence,72,Computer support specialist
4000018,Jean,Griffin,45,Childcare worker
4000019,Kristine,Dougherty,63,Financial analyst
4000020,Crystal,Powers,67,Engineering technician
4000021,Alex,May,39,Environmental scientist
4000022,Eric,Steele,66,Doctor
4000023,Wesley,Teague,42,Carpenter
4000024,Franklin,Vick,28,Dancer
4000025,Claire,Gallagher,42,Musician
4000026,Marian,Solomon,27,Lawyer
4000027,Marcia,Walsh,64,Accountant
4000028,Dwight,Monroe,45,Economist
4000029,Wayne,Connolly,40,Real estate agent
4000030,Stephanie,Hawkins,50,Human resources assistant
4000031,Neal,Middleton,59,Civil engineer
4000032,Gretchen,Goldstein,24,Engineering technician
4000033,Tim,Watts,58,Lawyer
4000034,Jerome,Johnston,38,Childcare worker
4000035,Shelley,Weeks,25,Reporter
4000036,Priscilla,Wilkerson,35,Agricultural and food scientist
4000037,Elsie,Barton,27,Childcare worker
4000038,Beth,Walton,73,Firefighter
4000039,Erica,Hall,33,Police officer
4000040,Douglas,Ross,27,Secretary
4000041,Donald,Chung,65,Computer hardware engineer
4000042,Katherine,Bender,44,Physicist
4000043,Paul,Woods,63,Doctor
4000044,Patricia,Mangum,67,Civil engineer
4000045,Lois,Joseph,44,Musician
4000046,Louis,Rosenthal,31,
4000047,Christina,Bowden,47,Computer software engineer
4000048,Darlene,Barton,54,Doctor
4000049,Harvey,Underwood,70,Engineering technician
4000050,William,Jones,53,Photographer
4000051,Frederick,Baker,52,Writer
4000052,Shirley,Merritt,21,Reporter
4000053,Jason,Cross,56,Civil engineer
4000054,Judith,Cooper,22,Economist
4000055,Gretchen,Holmes,39,Childcare worker
4000056,Don,Sharpe,53,Social worker
4000057,Glenda,Morgan,37,Real estate agent
4000058,Scott,Hoyle,40,Doctor
4000059,Pat,Allen,45,Secretary
4000060,Michelle,Rich,44,Artist
4000061,Jessica,Rich,37,Actor
4000062,Evan,Grant,66,Agricultural and food scientist
4000063,Melinda,Proctor,27,Teacher
4000064,Calvin,Diaz,65,Athlete
4000065,Eugene,Graham,52,Police officer
4000066,Vickie,Watkins,55,Computer support specialist
4000067,Luis,Hinton,69,Childcare worker
4000068,Allan,Marsh,67,Athlete
4000069,Melanie,Hewitt,47,Real estate agent
4000070,Marianne,Branch,53,Judge
4000071,Natalie,Walton,24,Recreation and fitness worker
4000072,Caroline,O'Brien,44,Computer support specialist
4000073,Arlene,Case,62,Musician
4000074,Kyle,Watts,39,Engineering technician
4000075,Calvin,Christensen,54,Architect
4000076,Gary,Parks,65,Pharmacist
4000077,Samantha,Hardin,27,Doctor
4000078,Sara,Lucas,44,Loan officer
4000079,Stacy,Eason,31,Musician
4000080,Gladys,Davidson,52,Recreation and fitness worker
4000081,Mike,Whitehead,26,Politician
4000082,Lynne,Rose,36,Loan officer
4000083,Faye,Sparks,61,Civil engineer
4000084,Diana,Moore,44,Computer support specialist
4000085,Leon,Pearson,24,Physicist
4000086,Ethel,Rodgers,30,Librarian
4000087,Steve,Graves,73,Nurse
4000088,Alison,Scarborough,66,Designer
4000089,Sherri,Sutton,75,Social worker
4000090,Patsy,Sinclair,48,Police officer
4000091,Kelly,Bowman,69,Childcare worker
4000092,Stacy,Olsen,25,Veterinarian
4000093,Curtis,Love,45,Secretary
4000094,Dana,McLean,61,Artist
4000095,Jennifer,Christian,54,Human resources assistant
4000096,Brett,Lamb,39,Engineering technician
4000097,Brandon,James,29,Musician
4000098,Keith,Chandler,25,Coach
4000099,Joann,Stout,32,Real estate agent
4000100,Ronnie,Cowan,71,Photographer
4000101,Scott,Golden,27,Teacher
4000102,Gene,Bowling,73,Recreation and fitness worker
4000103,Louise,Beasley,54,Loan officer
4000104,Geoffrey,Clapp,41,Photographer
4000105,Patricia,Abrams,51,Veterinarian
4000106,Jennifer,Tilley,35,Agricultural and food scientist
4000107,Mary,Morse,70,Automotive mechanic
4000108,Shawn,Boykin,34,Photographer
4000109,Vincent,Sumner,31,Lawyer
4000110,Kurt,Cassidy,32,Dancer
4000111,Danny,Davidson,70,Agricultural and food scientist
4000112,Charlene,Heath,26,Electrician
4000113,Alice,Blanchard,73,Economist
4000114,Joan,McAllister,73,Engineering technician
4000115,Betty,McKenzie,45,Computer support specialist
4000116,Danny,Byrne,51,Dancer
4000117,Peggy,Schroeder,61,Loan officer
4000118,Leslie,Griffin,37,Photographer
4000119,Marshall,Gross,42,Actor
4000120,Sara,Perkins,67,Actor
4000121,Martha,Robertson,37,Agricultural and food scientist
4000122,Jack,Palmer,52,Human resources assistant
4000123,Gayle,Brady,45,Firefighter
4000124,Benjamin,Rowe,64,Childcare worker
4000125,Roberta,Zhang,38,Statistician
4000126,Patricia,Hodge,59,Artist
4000127,Clifford,Li,63,Photographer
4000128,Joanne,Bowling,35,Musician
4000129,Martin,Justice,58,Electrician
4000130,Toni,Glass,46,Lawyer
4000131,Beth,Willis,62,Carpenter
4000132,Jessica,Hester,72,Civil engineer
4000133,Samantha,Floyd,72,Childcare worker
4000134,Jimmy,Graves,69,Nurse
4000135,Vincent,Fischer,33,Statistician
4000136,Dianne,Norman,68,Veterinarian
4000137,Rhonda,Chan,34,Pharmacist
4000138,Tamara,Hunt,25,Psychologist
4000139,Mary,Byrd,34,Environmental scientist
4000140,Sidney,Lane,54,Statistician
4000141,Jeff,Kaplan,70,Chemist
4000142,Sandra,Heller,51,Photographer
4000143,Katie,May,28,Recreation and fitness worker
4000144,Raymond,Jennings,63,Coach
4000145,Roger,Hanna,23,Musician
4000146,Natalie,Locklear,37,Politician
4000147,Kathy,Holloway,65,Pharmacist
4000148,Troy,Jones,74,Secretary
4000149,Neal,Glover,40,Real estate agent
4000150,Martin,Vick,31,Physicist
4000151,Jack,O'Donnell,59,Actor
4000152,Vincent,Goldman,22,Electrician
4000153,Beth,McKenna,40,Veterinarian
4000154,Milton,Starr,23,Carpenter
4000155,Tamara,Stone,73,Firefighter
4000156,Mitchell,McClure,68,Loan officer
4000157,Franklin,Watson,64,Coach
4000158,Leroy,Monroe,51,Computer support specialist
4000159,Glen,Abbott,29,Loan officer
4000160,Judith,Singer,73,Actor
4000161,Alice,Hall,33,Recreation and fitness worker
4000162,Bruce,Farrell,35,Librarian
4000163,Kathleen,Lucas,66,Chemist
4000164,Amy,Norman,62,Automotive mechanic
4000165,Ronnie,Atkins,67,Dancer
4000166,Martha,Monroe,31,Judge
4000167,Lynn,Robertson,45,Lawyer
4000168,Jose,Sykes,47,Writer
4000169,Robert,Reid,39,Carpenter
4000170,Pauline,Chandler,70,Economist
4000171,Stephen,Finch,30,Coach
4000172,Peggy,Hobbs,69,Musician
4000173,Donna,Adkins,72,Electrical engineer
4000174,Doris,Kinney,36,Athlete
4000175,Ben,Whitaker,35,Computer support specialist
4000176,Kristin,Alexander,21,Coach
4000177,Ryan,Conner,51,Electrical engineer
4000178,Tracey,Waters,73,Computer hardware engineer
4000179,Mark,Becker,39,Computer support specialist
4000180,Louis,Rollins,35,Economist
4000181,Janet,Love,39,Politician
4000182,Leo,Adkins,42,Economist
4000183,Constance,Black,36,Firefighter
4000184,Sarah,Fox,73,Psychologist
4000185,Gladys,Hatcher,62,Musician
4000186,Hazel,Wu,68,Therapist
4000187,Hazel,Lloyd,48,Politician
4000188,Jerome,Joyce,40,Artist
4000189,Vincent,Welch,54,Psychologist
4000190,Kim,Matthews,38,Architect
4000191,Joseph,Chappell,59,Reporter
4000192,Alison,MacDonald,26,Childcare worker
4000193,Eric,Kane,61,Childcare worker
4000194,Heather,Butler,67,Farmer
4000195,Claire,Pickett,59,Lawyer
4000196,Michele,Bowman,54,Computer software engineer
4000197,Terry,Barton,27,Recreation and fitness worker
4000198,Ken,Kennedy,35,Automotive mechanic
4000199,Judy,Branch,42,Athlete
4000200,Clyde,Thornton,70,Pharmacist
4000201,Timothy,McNeill,70,Librarian
4000202,Ted,Weinstein,23,Human resources assistant
4000203,Sandra,Middleton,28,Librarian
4000204,Billie,Moss,65,Photographer
4000205,Katharine,Lucas,67,Electrician
4000206,Lester,Rich,53,Human resources assistant
4000207,Johnny,Carlton,28,Librarian
4000208,Ashley,Brady,43,Financial analyst
4000209,Lauren,Schultz,33,Electrician
4000210,Carolyn,Nichols,49,Agricultural and food scientist
4000211,Louis,Harvey,72,Financial analyst
4000212,Charlene,Stevenson,65,Carpenter
4000213,Ashley,Houston,24,Judge
4000214,Sheryl,Dunn,71,Civil engineer
4000215,Ben,West,64,Electrician
4000216,Linda,O'Brien,46,Loan officer
4000217,Sarah,Barr,52,Therapist
4000218,Brett,Snyder,22,Doctor
4000219,Dana,Cain,63,Human resources assistant
4000220,Rebecca,Heath,74,Environmental scientist
4000221,Glenda,Boswell,28,Civil engineer
4000222,Glen,Olsen,63,Childcare worker
4000223,Don,Pittman,70,Designer
4000224,Gregory,Weiner,58,Accountant
4000225,Randy,Petersen,71,Actor
4000226,Geraldine,Davis,36,Accountant
4000227,Edna,Coleman,58,Veterinarian
4000228,Sidney,Terrell,32,Statistician
4000229,Faye,Norman,64,Pilot
4000230,Kathy,Burch,28,Pilot
4000231,Marguerite,Weiner,45,Police officer
4000232,Marvin,Parrott,67,Doctor
4000233,Alex,Henry,67,Police officer
4000234,Alexander,Gray,35,Reporter
4000235,Marsha,Chang,42,Chemist
4000236,Karl,McLean,69,Photographer
4000237,Laura,Eason,31,Loan officer
4000238,Melinda,Weeks,59,Computer software engineer
4000239,Eva,Siegel,50,Psychologist
4000240,Robert,Puckett,56,Physicist
4000241,Bill,Heath,35,Actor
4000242,Edna,Hoyle,74,Electrical engineer
4000243,Clifford,Garrett,72,Veterinarian
4000244,Penny,Neal,59,Veterinarian
4000245,Glenda,Baker,52,Economist
4000246,Arthur,Goldman,58,Childcare worker
4000247,Wesley,Shaffer,58,Farmer
4000248,Allison,Choi,23,Computer hardware engineer
4000249,Florence,Carver,34,Electrical engineer
4000250,Claire,Shelton,34,Environmental scientist
4000251,Jeremy,House,61,Pilot
4000252,Christy,Lyons,31,Physicist
4000253,Wesley,Moser,64,Doctor
4000254,Lucy,Dickinson,72,Loan officer
4000255,Susan,Abbott,65,Actor
4000256,Nancy,Hobbs,40,Environmental scientist
4000257,Monica,Dodson,58,
4000258,Justin,Spencer,67,Economist
4000259,Margaret,Burgess,74,Social worker
4000260,Philip,Liu,59,Nurse
4000261,Miriam,Wong,27,Childcare worker
4000262,Miriam,Blackburn,52,Athlete
4000263,Christopher,McKay,67,Judge
4000264,Joanna,Middleton,37,Firefighter
4000265,Stacy,Frazier,69,Designer
4000266,Janice,Reid,40,Therapist
4000267,Brian,Braswell,64,Chemist
4000268,Juan,Steele,57,Nurse
4000269,Leroy,Donovan,74,Photographer
4000270,Tommy,Barrett,38,Engineering technician
4000271,Alice,Nance,59,Pilot
4000272,Adam,Washington,54,Electrical engineer
4000273,Larry,Rogers,50,Engineering technician
4000274,Angela,McMahon,66,Secretary
4000275,Lawrence,Miles,74,Dancer
4000276,Glen,Kramer,43,Coach
4000277,Valerie,Jennings,59,Loan officer
4000278,Meredith,Bowles,62,Accountant
4000279,Jan,Brown,58,Secretary
4000280,Lillian,Bolton,32,Photographer
4000281,Allen,Craven,64,Therapist
4000282,Ashley,Hendrix,50,Accountant
4000283,Ian,Nichols,57,Electrician
4000284,Gina,Saunders,48,Photographer
4000285,Donna,Lehman,71,Social worker
4000286,Catherine,Sherrill,48,Nurse
4000287,Lester,Cash,30,Firefighter
4000288,Jacob,Pittman,34,Economist
4000289,Nancy,Sullivan,70,Electrical engineer
4000290,Gail,Whitehead,21,Nurse
4000291,Lloyd,Mack,67,Recreation and fitness worker
4000292,Donna,Rice,21,Social worker
4000293,Kay,Ayers,44,Childcare worker
4000294,Wendy,Cherry,70,Loan officer
4000295,Lucille,Richmond,70,Photographer
4000296,Virginia,York,67,Politician
4000297,Bruce,Wiley,43,Artist
4000298,Marc,Harrington,57,Physicist
4000299,Geoffrey,Reed,53,Reporter
4000300,Tiffany,Nash,41,Coach
4000301,Todd,Wilkerson,55,Librarian
4000302,Jill,Kent,27,Electrical engineer
4000303,Erin,Finch,54,Police officer
4000304,Melinda,Starr,57,Statistician
4000305,Julie,Holland,61,Architect
4000306,Stanley,Glover,44,Nurse
4000307,Karen,Clements,74,Farmer
4000308,Judy,Schultz,42,Statistician
4000309,Raymond,Hawley,66,Recreation and fitness worker
4000310,Julie,Skinner,56,Electrical engineer
4000311,Sue,Hamrick,43,Reporter
4000312,Colleen,Winters,36,Designer
4000313,Judith,Dolan,44,Civil engineer
4000314,Luis,Turner,69,Computer software engineer
4000315,Bradley,Beatty,36,Human resources assistant
4000316,Glenda,Douglas,28,Loan officer
4000317,Brent,Byrne,62,Judge
4000318,Clyde,Hendricks,41,Loan officer
4000319,Sharon,Mayer,70,Statistician
4000320,Mary,Cochran,25,Computer support specialist
4000321,Sue,Reilly,33,Physicist
4000322,Geraldine,Jensen,50,Pilot
4000323,Rita,Yates,34,Librarian
4000324,Annie,Haynes,51,Social worker
4000325,Ruth,Harmon,75,Artist
4000326,Michelle,Matthews,67,Computer software engineer
4000327,Heather,Dawson,43,
4000328,Jane,Barefoot,53,Accountant
4000329,Wallace,Kaplan,35,Secretary
4000330,Kimberly,Gross,38,Designer
4000331,Jon,Richmond,37,Agricultural and food scientist
4000332,Lee,Pope,55,Statistician
4000333,Kenneth,Pickett,28,Police officer
4000334,Keith,Schwartz,65,Childcare worker
4000335,Jim,Singleton,55,Accountant
4000336,Steven,Ballard,62,Pilot
4000337,Pauline,Spivey,55,Computer hardware engineer
4000338,Marc,Denton,71,Musician
4000339,Kerry,Huff,38,Writer
4000340,Lynne,Mangum,37,Chemist
4000341,Claude,Berger,51,Electrical engineer
4000342,Rose,McCall,29,Farmer
4000343,Kathy,Pollard,43,Politician
4000344,Catherine,Garcia,69,Athlete
4000345,Frances,Wagner,28,Veterinarian
4000346,Diana,Crane,26,Lawyer
4000347,Leslie,Wolf,50,Loan officer
4000348,Marian,Crane,37,Automotive mechanic
4000349,Russell,Dalton,21,Civil engineer
4000350,Sheryl,Diaz,30,Pharmacist
4000351,Lewis,Currin,73,Farmer
4000352,Ernest,Stanton,51,Lawyer
4000353,Vivian,Carey,64,Statistician
4000354,Harold,Li,49,Doctor
4000355,Malcolm,Chan,27,Environmental scientist
4000356,Kay,Hess,56,Childcare worker
4000357,Max,Robinson,32,Dancer
4000358,Vicki,Mills,56,Computer support specialist
4000359,Leon,Bender,22,Firefighter
4000360,Alvin,McDonald,73,Musician
4000361,Jacob,Moore,64,Environmental scientist
4000362,Holly,Fox,74,Physicist
4000363,Audrey,Lanier,54,Human resources assistant
4000364,Christina,Harris,39,Doctor
4000365,Joseph,Underwood,57,Reporter
4000366,Evelyn,Parsons,37,Human resources assistant
4000367,Nicholas,Vaughn,66,Carpenter
4000368,Ben,Banks,60,Accountant
4000369,Dorothy,Sherrill,28,Agricultural and food scientist
4000370,Theresa,Oakley,35,Nurse
4000371,Harriet,Rubin,71,Real estate agent
4000372,Barry,Maynard,53,Pharmacist
4000373,Jerome,Hill,66,Computer hardware engineer
4000374,Jason,Livingston,67,Civil engineer
4000375,Norman,Lam,63,Teacher
4000376,Glen,Thompson,40,Coach
4000377,Ellen,Creech,36,Human resources assistant
4000378,Dianne,Dillon,34,Recreation and fitness worker
4000379,Harry,Foster,50,Coach
4000380,Tim,Starr,59,Photographer
4000381,Kent,Roy,31,Electrical engineer
4000382,Eddie,Barbour,61,Athlete
4000383,Arnold,Burke,70,Reporter
4000384,Melanie,Ritchie,36,Financial analyst
4000385,Ronald,Odom,49,Psychologist
4000386,Gene,Pearce,30,Architect
4000387,Peter,Rosenberg,60,Politician
4000388,Jean,Garrett,73,Doctor
4000389,Neal,O'Connor,26,Therapist
4000390,Tracy,Cates,54,Dancer
4000391,Holly,McIntosh,73,Computer software engineer
4000392,Emma,Olson,74,Pilot
4000393,Molly,Cox,55,Social worker
4000394,Carlos,Erickson,63,Statistician
4000395,Betsy,Chang,54,Designer
4000396,Andrew,Briggs,45,Farmer
4000397,Bill,Klein,26,Teacher
4000398,Eileen,Goldberg,57,Therapist
4000399,Randall,Hinson,51,Judge
4000400,Kelly,Weiss,72,Librarian
4000401,Elaine,Pritchard,48,Automotive mechanic
4000402,Rhonda,Goldman,38,Computer support specialist
4000403,Leo,Lassiter,65,Pilot
4000404,Clarence,Massey,74,Politician
4000405,Grace,Stark,41,Pharmacist
4000406,Jordan,Dunlap,59,Agricultural and food scientist
4000407,Glenda,Humphrey,32,Carpenter
4000408,Jacob,Singleton,33,Veterinarian
4000409,Jordan,Horowitz,58,Actor
4000410,Dawn,Lutz,66,Therapist
4000411,Joanna,Hoover,50,
4000412,Sandra,Kang,47,Designer
4000413,Stephen,Melton,33,Athlete
4000414,Jessica,Teague,72,Firefighter
4000415,Regina,Ellington,52,Social worker
4000416,Paige,Cherry,45,Environmental scientist
4000417,Joyce,Jennings,61,Social worker
4000418,Tamara,Creech,46,Social worker
4000419,Toni,Lynn,67,Civil engineer
4000420,Betty,Albright,64,Engineering technician
4000421,Jerry,Alston,31,Lawyer
4000422,Tommy,Burnette,72,Doctor
4000423,Alan,O'Neal,59,Pilot
4000424,Christina,Morris,56,Dancer
4000425,Dean,Lutz,26,Pilot
4000426,Veronica,Callahan,31,Veterinarian
4000427,Kelly,Conway,36,Designer
4000428,Marcus,Harvey,62,Computer support specialist
4000429,Carrie,Watson,52,Musician
4000430,George,Glover,41,Nurse
4000431,Nina,Savage,35,Politician
4000432,Paige,Henson,61,Dancer
4000433,Jay,Wang,64,Carpenter
4000434,Sue,Ellis,59,Environmental scientist
4000435,Brenda,Barbour,36,Architect
4000436,Joshua,Sherrill,43,Politician
4000437,Nelson,Pierce,69,Actor
4000438,Vincent,Woodward,34,Electrical engineer
4000439,Nicholas,Godfrey,69,Environmental scientist
4000440,Hannah,Langston,25,Pilot
4000441,Alice,Eaton,32,Chemist
4000442,Elisabeth,Lowe,34,Farmer
4000443,Matthew,Stanton,51,Secretary
4000444,Thomas,Fuller,51,Childcare worker
4000445,Benjamin,Simmons,70,Veterinarian
4000446,Kristine,Schultz,66,Architect
4000447,Jordan,Knight,65,Electrician
4000448,Guy,Klein,34,Designer
4000449,Terry,Garcia,30,Automotive mechanic
4000450,Floyd,Schroeder,37,Farmer
4000451,Russell,Hess,21,Architect
4000452,Marsha,Gold,36,Athlete
4000453,Kim,Hensley,64,Photographer
4000454,Virginia,Turner,22,Computer hardware engineer
4000455,Deborah,French,56,Accountant
4000456,Peter,Hughes,38,Computer software engineer
4000457,Bernard,Pate,34,Doctor
4000458,Harold,Burnett,40,Musician
4000459,Gretchen,Francis,60,Politician
4000460,Cheryl,Horn,40,Veterinarian
4000461,Audrey,Forrest,50,Architect
4000462,Alan,Levin,43,Statistician
4000463,Wayne,Weiner,70,
4000464,Nancy,Durham,60,Nurse
4000465,Peter,Guthrie,21,Nurse
4000466,Benjamin,Hensley,37,Pilot
4000467,Derek,Freedman,66,Recreation and fitness worker
4000468,Marlene,Wiggins,65,Agricultural and food scientist
4000469,Clara,Best,51,Pharmacist
4000470,Ashley,Beatty,46,Computer support specialist
4000471,Kara,Crawford,40,Social worker
4000472,Kristin,Drake,22,Financial analyst
4000473,Edwin,Curtis,25,Civil engineer
4000474,Molly,Walter,30,Architect
4000475,Marshall,Dunlap,43,Statistician
4000476,Elaine,Jenkins,47,Writer
4000477,Victor,Hood,48,Firefighter
4000478,Tonya,Ellis,26,Firefighter
4000479,Cecil,Jiang,74,Photographer
4000480,Melissa,Johnson,64,Recreation and fitness worker
4000481,Christina,Craig,48,Dancer
4000482,Allison,Norman,25,Musician
4000483,Gretchen,McIntyre,38,Statistician
4000484,Bonnie,Brantley,68,Firefighter
4000485,George,Kelley,58,Judge
4000486,Barbara,Smith,58,Designer
4000487,Evelyn,Lyons,51,Childcare worker
4000488,Rita,Wall,58,Photographer
4000489,Dan,Quinn,31,Agricultural and food scientist
4000490,Juan,Hicks,37,Accountant
4000491,Jesse,Garrison,59,Pharmacist
4000492,Ronnie,Watts,29,Actor
4000493,Hilda,Dickerson,53,Farmer
4000494,Stephen,Waller,75,
4000495,Lorraine,Carter,65,Financial analyst
4000496,Chris,Robinson,74,Economist
4000497,Katie,Katz,26,Dancer
4000498,Richard,Hull,69,Accountant
4000499,Steve,Bowling,61,Recreation and fitness worker
4000500,Monica,Brantley,58,Engineering technician